age,resting_bp,cholesterol,max_heart_rate,st_depression,num_vessels,fasting_bs,bmi,actual_risk,predicted_risk,risk_probability
66.0,129.0,113.0,133.0,0.62,1,100.0,37.9,0,0,0.3847578210204388
56.0,134.0,224.0,153.0,0.16,1,79.0,39.2,0,0,0.12884148995950043
45.0,121.0,219.0,149.0,0.81,3,152.0,18.0,1,1,0.9550361784153165
49.0,159.0,267.0,161.0,0.91,1,117.0,23.9,0,1,0.5790022322697215
43.0,145.0,254.0,144.0,0.56,0,121.0,30.8,0,0,0.10895060454747993
